Location,Lat,Long,WC_TEMP,WC_SUMMER,WC_PREC,Jan,Feb,Mar,Apr,May,June,July,Aug,Sep,Oct,Nov,Dec,MEAN,SumT,Depth,Elev
Allen,73.583,-98.417,-17.3,1.6,11.7,-33.6,-34.6,-32.4,-24.4,-11.5,-0.9,4.1,2,-4.9,-15.3,-25.3,-30.4,-17.26666667,3.05,4,131
BC01,75.25,-111.917,-18.6,0.6,8.7,-33.7,-35.3,-33.4,-25.8,-12.5,-1.2,3.3,1.2,-5.6,-16.2,-26.3,-31,-18.04166667,2.25,11.3,131
BC02,75.25,-111.917,-18.6,0.6,8.7,-33.7,-35.3,-33.4,-25.8,-12.5,-1.2,3.3,1.2,-5.6,-16.2,-26.3,-31,-18.04166667,2.25,3,215
BC03,75.25,-112.083,-18.7,0.5,9,-33.8,-35.5,-33.5,-26,-12.7,-1.3,3.1,1,-5.7,-16.4,-26.5,-31.1,-18.2,2.05,2,222
BY10,72.917,-79.583,-15.8,2.7,18.9,-31.5,-33.6,-30.5,-22.5,-10,0.7,5.1,3.5,-2.8,-13.6,-23.5,-28.6,-15.60833333,4.3,0.5,163
BY15,72.917,-79.75,-15.2,3.2,17.5,-31.1,-33.2,-30.2,-22.1,-9.7,1,5.4,3.8,-2.5,-13.3,-23.1,-28.2,-15.26666667,4.6,3.8,195
BY17,72.917,-79.583,-15.8,2.7,18.9,-31.5,-33.6,-30.5,-22.5,-10,0.7,5.1,3.5,-2.8,-13.6,-23.5,-28.6,-15.60833333,4.3,3.05,198
BY18,72.917,-79.75,-15.2,3.2,17.5,-31.1,-33.2,-30.2,-22.1,-9.7,1,5.4,3.8,-2.5,-13.3,-23.1,-28.2,-15.26666667,4.6,1.9,110
CI01,72.75,-93.917,-16.1,2.8,13.9,-33.2,-33.7,-31.9,-23,-10.7,-0.1,5,3.3,-3.9,-14.3,-24.1,-29.2,-16.31666667,4.15,5,190
CI07,76.417,-98.083,-18.4,0.8,11.3,-33.8,-35.2,-33.3,-25.5,-12.1,-1.2,3.3,1,-6.9,-17.5,-26.7,-31.2,-18.25833333,2.15,4,76
CI08,76.417,-98.083,-18.4,0.8,11.3,-33.8,-35.2,-33.3,-25.5,-12.1,-1.2,3.3,1,-6.9,-17.5,-26.7,-31.2,-18.25833333,2.15,1,76
CI14,76.583,-98.917,-18.2,1.3,10.3,-33.7,-35.1,-33.2,-25.3,-11.8,-0.9,3.6,1.3,-6.7,-17.4,-26.6,-31.2,-18.08333333,2.45,3.5,46
CI15,76.583,-98.917,-18.2,1.3,10.3,-33.7,-35.1,-33.2,-25.3,-11.8,-0.9,3.6,1.3,-6.7,-17.4,-26.6,-31.2,-18.08333333,2.45,5.5,46
CI16,75.917,-99.25,-18.4,0.8,11,-33.9,-35.3,-33.3,-25.5,-12.1,-1.3,3.2,1,-6.7,-17.3,-26.7,-31.3,-18.26666667,2.1,8,170
CI17,75.583,-98.25,-18,1,11.7,-33.6,-34.9,-32.9,-25.1,-11.9,-1.2,3.5,1.2,-6.3,-16.8,-26.2,-30.9,-17.925,2.35,9.5,130
CI18,75.583,-99.583,-18.3,0.9,11,-33.7,-35,-32.9,-25.1,-11.8,-1,3.6,1.4,-6.2,-16.8,-26.3,-31,-17.9,2.5,3,30
CI22,75.417,-99.583,-18.3,0.8,11,-33.7,-35.1,-33,-25.2,-11.9,-1.1,3.5,1.3,-6.3,-16.8,-26.3,-31.1,-17.975,2.4,6,150
CI23,75.417,-99.917,-17.8,1.5,10.1,-33.6,-34.9,-32.8,-25,-11.7,-0.8,3.7,1.5,-6,-16.6,-26.1,-30.9,-17.76666667,2.6,4,30
CI25,74.75,-94.25,-16.6,1.9,13.5,-32.7,-33.6,-31.9,-24,-11.3,-0.8,3.9,1.8,-5.4,-15.8,-24.9,-29.5,-17.01666667,2.85,17,15
CI26b,74.917,-93.583,-17.1,1.5,14.6,-33,-33.9,-32.3,-24.2,-11.4,-0.8,3.9,1.8,-5.6,-16.2,-25.3,-29.8,-17.23333333,2.85,8,200
CI27,75.25,-93.583,-16.6,2.2,12.8,-32.9,-33.8,-32.3,-24.2,-11.3,-0.6,4.1,2,-5.6,-16.2,-25.3,-29.8,-17.15833333,3.05,6,120
CI31,79.917,-84.583,-19.8,2.5,8.8,-36.7,-38.5,-37.4,-28.3,-11.7,1,4.7,2.2,-8.6,-22.3,-31.9,-34.5,-20.16666667,3.45,1.4,211
CI32,68.583,-70.4641,-12.7,3.1,25.9,-27,-27.9,-26.9,-19,-9.1,-0.2,5.3,3.8,-2.3,-9.9,-17.9,-24.2,-12.94166667,4.55,4.5,20
CI33,70.417,-68.417,-12.2,2.9,21.8,-27,-28.1,-26.7,-19,-8.3,0.4,4.1,3.7,-0.5,-7.5,-17.3,-24.1,-12.525,3.9,2,18
Coal,70.417,-68.583,-12.6,2.7,22.7,-27.3,-28.4,-27,-19.3,-8.5,0.2,4,3.6,-0.7,-7.8,-17.6,-24.4,-12.76666667,3.8,12.3,9
CR01,73.917,-94.917,-16.9,1.5,14.9,-32.8,-33.6,-31.9,-23.8,-11.3,-0.9,4,2,-5,-15.2,-24.6,-29.5,-16.88333333,3,2.1,130
CR02,72.583,-95.083,-16.1,2.7,13.5,-33.4,-34,-32.1,-23.3,-11,-0.4,4.8,3,-4,-14.3,-24.2,-29.5,-16.53333333,3.9,5.5,170
CR04,72.417,-95.083,-16.4,2.5,13.7,-33.5,-34,-32,-23.2,-10.8,-0.3,5,3.2,-3.7,-14.1,-24.1,-29.5,-16.41666667,4.1,4,240
CV01,79.917,-82.917,-20,1.7,10.6,-37.3,-39.3,-38,-29.1,-12.9,-0.3,3.5,1,-9.3,-22.8,-32.3,-35.2,-21,2.25,7.61,350
CV02,79.917,-82.917,-20,1.7,10.6,-37.3,-39.3,-38,-29.1,-12.9,-0.3,3.5,1,-9.3,-22.8,-32.3,-35.2,-21,2.25,3.2,350
CV03,79.917,-82.917,-20,1.7,10.6,-37.3,-39.3,-38,-29.1,-12.9,-0.3,3.5,1,-9.3,-22.8,-32.3,-35.2,-21,2.25,3.9,350
CV04,79.917,-82.917,-20,1.7,10.6,-37.3,-39.3,-38,-29.1,-12.9,-0.3,3.5,1,-9.3,-22.8,-32.3,-35.2,-21,2.25,3.77,350
DUO,73.583,-98.417,-17.3,1.6,11.7,-33.6,-34.6,-32.4,-24.4,-11.5,-0.9,4.1,2,-4.9,-15.3,-25.3,-30.4,-17.26666667,3.05,0.3,23
DV02,74.917,-88.75,-16.5,3,12.3,-33,-33.6,-32.4,-23.6,-10.6,0.5,4.8,2.7,-5.2,-16.5,-25.6,-29.8,-16.85833333,3.75,7.5,134
DV04,74.75,-88.25,-16.7,2.7,13.7,-32.9,-33.5,-32.3,-23.5,-10.6,0.5,4.7,2.7,-5.2,-16.5,-25.5,-29.7,-16.81666667,3.7,5.3,196
DV05,75.583,-92.083,-16.4,3,11.4,-33.1,-33.9,-32.5,-24.1,-10.8,0.1,4.6,2.6,-5.4,-16.4,-25.6,-29.9,-17.03333333,3.6,10,64
DV08,75.417,-89.417,-17.1,2.6,12.4,-33.5,-34.2,-33,-24.3,-10.9,0.2,4.5,2.4,-5.7,-17.1,-26.2,-30.3,-17.34166667,3.45,3,145
DV09,75.583,-89.25,-16.4,3.2,10.8,-33.2,-33.9,-32.7,-23.9,-10.5,0.7,5,2.9,-5.4,-16.9,-26,-30,-16.99166667,3.95,4,1
E501,79.25,-82.583,-21.6,0,16.9,-37.7,-39.9,-38.4,-29.7,-13.9,-1.6,2.3,-0.3,-10.2,-23.3,-32.8,-35.7,-21.76666667,1,34,855
E503,79.917,-82.917,-20,1.7,10.6,-37.3,-39.3,-38,-29.1,-12.9,-0.3,3.5,1,-9.3,-22.8,-32.3,-35.2,-21,2.25,3.5,306
E504,79.917,-82.917,-20,1.7,10.6,-37.3,-39.3,-38,-29.1,-12.9,-0.3,3.5,1,-9.3,-22.8,-32.3,-35.2,-21,2.25,8.1,306
E505,79.917,-82.917,-20,1.7,10.6,-37.3,-39.3,-38,-29.1,-12.9,-0.3,3.5,1,-9.3,-22.8,-32.3,-35.2,-21,2.25,2.5,229
E506,80.583,-84.417,-21.2,1.3,10.7,-38.8,-40.8,-39.7,-30.6,-13.7,-1,2.7,0.1,-10.9,-24.7,-34.3,-36.8,-22.375,1.4,14,520
E508,80.75,-84.083,-20.1,2.3,8.2,-37.8,-39.8,-38.6,-29.5,-12.7,0.2,3.9,1.3,-9.6,-23.4,-33.1,-35.8,-21.24166667,2.6,2.6,170
E510,80.75,-84.75,-21,1.6,9.3,-38.5,-40.4,-39.3,-30.2,-13.2,-0.3,3.3,0.7,-10.4,-24.3,-34,-36.5,-21.925,2,9,290
E511,79.583,-87.917,-22.2,0.1,14.6,-37.8,-39.5,-38.5,-29.6,-13.3,-1,2.7,0.2,-10.4,-23.6,-33,-35.6,-21.61666667,1.45,11,635
E515,79.583,-87.75,-20.5,1.7,10.2,-37.3,-38.9,-37.9,-28.8,-12.6,-0.2,3.5,1,-9.5,-22.8,-32.3,-35,-20.9,2.25,12,205
E516,79.75,-87.583,-19.8,2.4,8.3,-36.7,-38.2,-37.2,-28.2,-11.8,0.7,4.4,2,-8.7,-22.1,-31.6,-34.3,-20.14166667,3.2,3,270
HW01,80.083,-83.417,-19,2.8,7.7,-36.2,-38.1,-36.8,-27.8,-11.5,1.2,5,2.6,-7.9,-21.5,-31.2,-34,-19.68333333,3.8,3.7,91
HW02,79.75,-83.417,-20,1.8,10.6,-37,-39.1,-37.7,-28.8,-12.6,-0.1,3.7,1.2,-9.2,-22.6,-32.1,-35,-20.775,2.45,4.5,396
HW03,79.75,-85.75,-22.9,-0.2,16,-39.1,-40.9,-39.9,-30.9,-14.1,-1.6,2,-0.7,-11.6,-25.2,-34.6,-37.1,-22.80833333,0.65,13,137
HW05,80.25,-87.75,-19.8,2.5,7.7,-36.8,-38.4,-37.4,-28.3,-11.7,0.9,4.6,2.1,-8.7,-22.3,-31.8,-34.5,-20.19166667,3.35,3.7,91
HW07,79.75,-83.583,-19.7,2.1,9.8,-36.7,-38.7,-37.4,-28.4,-12.2,0.4,4.1,1.6,-8.8,-22.3,-31.8,-34.6,-20.4,2.85,6,366
HW08,79.75,-83.417,-20,1.8,10.6,-37,-39.1,-37.7,-28.8,-12.6,-0.1,3.7,1.2,-9.2,-22.6,-32.1,-35,-20.775,2.45,8.5,375
IQ01,63.75,-68.583,-9.9,5.3,41.7,-27.1,-28.3,-25,-16,-5.4,2.4,6.7,5.8,1.2,-5.8,-13.6,-23.1,-10.68333333,6.25,4,175
IQ02,63.75,-68.583,-9.9,5.3,41.7,-27.1,-28.3,-25,-16,-5.4,2.4,6.7,5.8,1.2,-5.8,-13.6,-23.1,-10.68333333,6.25,1.5,159
IQ03,63.75,-68.583,-9.9,5.3,41.7,-27.1,-28.3,-25,-16,-5.4,2.4,6.7,5.8,1.2,-5.8,-13.6,-23.1,-10.68333333,6.25,3,155
IQ04,63.75,-68.417,-10.4,4.8,44,-26.7,-27.8,-24.6,-15.8,-5.2,2.3,6.7,5.8,1.2,-5.8,-13.5,-22.9,-10.525,6.25,9,158
IQ05,63.75,-68.417,-10.4,4.8,44,-26.7,-27.8,-24.6,-15.8,-5.2,2.3,6.7,5.8,1.2,-5.8,-13.5,-22.9,-10.525,6.25,17.2,196
IQ06,63.75,-68.583,-9.9,5.3,41.7,-27.1,-28.3,-25,-16,-5.4,2.4,6.7,5.8,1.2,-5.8,-13.6,-23.1,-10.68333333,6.25,5.8,134
JR05,69.917,-94.917,-16.3,3.6,14.7,-34.8,-35.1,-32.6,-22.7,-10.4,0.4,6.3,4.9,-2.1,-12.7,-23.9,-30.1,-16.06666667,5.6,4.5,130
JR06,69.917,-94.917,-16.3,3.6,14.7,-34.8,-35.1,-32.6,-22.7,-10.4,0.4,6.3,4.9,-2.1,-12.7,-23.9,-30.1,-16.06666667,5.6,4,140
KR01,71.417,-113.75,-16,2.2,13.1,-31.9,-33,-30.8,-22.9,-10.8,0.1,4.7,3.3,-2.5,-12,-23.3,-28.4,-15.625,4,5,171
KR02,71.417,-113.75,-16,2.2,13.1,-31.9,-33,-30.8,-22.9,-10.8,0.1,4.7,3.3,-2.5,-12,-23.3,-28.4,-15.625,4,6.1,229
KR04,71.25,-113.917,-15.3,3,12.5,-31.6,-32.4,-30.1,-22.2,-10.1,0.8,5.2,4,-1.8,-11.2,-22.7,-27.9,-15,4.6,7.1,175
KR06,71.25,-113.917,-15.3,3,12.5,-31.6,-32.4,-30.1,-22.2,-10.1,0.8,5.2,4,-1.8,-11.2,-22.7,-27.9,-15,4.6,4.5,189
KR07,71.417,-113.75,-16,2.2,13.1,-31.9,-33,-30.8,-22.9,-10.8,0.1,4.7,3.3,-2.5,-12,-23.3,-28.4,-15.625,4,5.6,196
KR08,71.25,-113.75,-15.3,3,12.2,-31.6,-32.5,-30.3,-22.4,-10.2,0.6,5.2,3.9,-1.9,-11.4,-22.8,-28.1,-15.125,4.55,3.3,190
MB01,69.75,-112.083,-15,3.3,12.6,-31.4,-32.1,-29.8,-21.7,-9.7,1.1,6,4.7,-0.9,-10.3,-22.5,-28.1,-14.55833333,5.35,15.83,261
MB02,69.75,-112.083,-15,3.3,12.6,-31.4,-32.1,-29.8,-21.7,-9.7,1.1,6,4.7,-0.9,-10.3,-22.5,-28.1,-14.55833333,5.35,31.5,253
MB03,69.75,-112.083,-15,3.3,12.6,-31.4,-32.1,-29.8,-21.7,-9.7,1.1,6,4.7,-0.9,-10.3,-22.5,-28.1,-14.55833333,5.35,25.9,264
MR01,71.75,-122.083,-14.5,2.7,14.3,-29.7,-30.6,-28.9,-20.9,-9.4,0.6,4.8,3,-2.5,-11.2,-21.6,-26.2,-14.38333333,3.9,21,330
MR02,71.75,-122.083,-14.5,2.7,14.3,-29.7,-30.6,-28.9,-20.9,-9.4,0.6,4.8,3,-2.5,-11.2,-21.6,-26.2,-14.38333333,3.9,4.2,330
RB01,66.583,-86.25,-12.3,5.4,18.8,-30.8,-31.6,-27.5,-19.2,-8.8,2.6,7.7,5.8,0.2,-10.4,-20.6,-27.7,-13.35833333,6.75,0.5,34
RB14,66.583,-86.25,-12.3,5.4,18.8,-30.8,-31.6,-27.5,-19.2,-8.8,2.6,7.7,5.8,0.2,-10.4,-20.6,-27.7,-13.35833333,6.75,0.5,200
RB17,66.583,-86.25,-12.3,5.4,18.8,-30.8,-31.6,-27.5,-19.2,-8.8,2.6,7.7,5.8,0.2,-10.4,-20.6,-27.7,-13.35833333,6.75,0.5,76
RB02,66.583,-86.25,-12.3,5.4,18.8,-30.8,-31.6,-27.5,-19.2,-8.8,2.6,7.7,5.8,0.2,-10.4,-20.6,-27.7,-13.35833333,6.75,1,17
RB04,66.583,-86.25,-12.3,5.4,18.8,-30.8,-31.6,-27.5,-19.2,-8.8,2.6,7.7,5.8,0.2,-10.4,-20.6,-27.7,-13.35833333,6.75,1.1,150
RB07,66.583,-86.25,-12.3,5.4,18.8,-30.8,-31.6,-27.5,-19.2,-8.8,2.6,7.7,5.8,0.2,-10.4,-20.6,-27.7,-13.35833333,6.75,7.2,58
QB01,72.25,-78.583,-16.6,1.9,22.4,-32.8,-34.8,-31.7,-23.6,-11.2,-0.7,3.7,2.3,-3.9,-14.3,-24.5,-29.9,-16.78333333,3,17.7,533
QB06,72.25,-78.583,-16.6,1.9,22.4,-32.8,-34.8,-31.7,-23.6,-11.2,-0.7,3.7,2.3,-3.9,-14.3,-24.5,-29.9,-16.78333333,3,20.6,686
QB07,72.25,-78.75,-15.5,2.9,18.7,-32.1,-34.2,-31.1,-23,-10.6,-0.1,4.4,2.9,-3.1,-13.6,-23.8,-29.2,-16.125,3.65,4.4,427
QB15,72.083,-78.417,-14.4,3.8,15.6,-32,-33.9,-30.9,-22.8,-10.3,0.1,4.5,3.1,-2.8,-13.3,-23.5,-29,-15.9,3.8,13,366
Ridge,79.917,-84.583,-19.8,2.5,8.8,-36.7,-38.5,-37.4,-28.3,-11.7,1,4.7,2.2,-8.6,-22.3,-31.9,-34.5,-20.16666667,3.45,5,22
SL01,68.583,-91.917,-15.6,4,18.7,-34.4,-34.7,-31.3,-21.7,-10.1,0.5,7,5.3,-1.7,-11.9,-23.4,-30,-15.53333333,6.15,8.72,198
SL02,68.583,-91.917,-15.6,4,18.7,-34.4,-34.7,-31.3,-21.7,-10.1,0.5,7,5.3,-1.7,-11.9,-23.4,-30,-15.53333333,6.15,8.72,192
SL03,68.583,-91.917,-15.6,4,18.7,-34.4,-34.7,-31.3,-21.7,-10.1,0.5,7,5.3,-1.7,-11.9,-23.4,-30,-15.53333333,6.15,0.6,196
SL04,68.583,-91.917,-15.6,4,18.7,-34.4,-34.7,-31.3,-21.7,-10.1,0.5,7,5.3,-1.7,-11.9,-23.4,-30,-15.53333333,6.15,3,189
SL05,68.583,-91.917,-15.6,4,18.7,-34.4,-34.7,-31.3,-21.7,-10.1,0.5,7,5.3,-1.7,-11.9,-23.4,-30,-15.53333333,6.15,12.37,181
SL06,68.583,-91.917,-15.6,4,18.7,-34.4,-34.7,-31.3,-21.7,-10.1,0.5,7,5.3,-1.7,-11.9,-23.4,-30,-15.53333333,6.15,9,190
SP02,68.583,-83.25,-14,3.5,23.5,-30.9,-32.1,-28.7,-20.4,-9.5,0.4,6.2,4.1,-1.6,-10.9,-20.9,-26.9,-14.26666667,5.15,8.8,240
SP04,68.583,-83.25,-14,3.5,23.5,-30.9,-32.1,-28.7,-20.4,-9.5,0.4,6.2,4.1,-1.6,-10.9,-20.9,-26.9,-14.26666667,5.15,7.8,240
TwoBasin,79.917,-84.75,-19.6,2.7,8.4,-36.7,-38.5,-37.3,-28.2,-11.6,1.1,4.8,2.3,-8.5,-22.3,-31.9,-34.5,-20.10833333,3.55,5.5,138
WB02,72.25,-109.917,-16.5,2.6,9.1,-32.8,-33.9,-31.8,-24,-11.4,0,5.1,3,-3.4,-13.8,-24.8,-29.8,-16.46666667,4.05,7.43,150
WB04,72.25,-109.917,-16.5,2.6,9.1,-32.8,-33.9,-31.8,-24,-11.4,0,5.1,3,-3.4,-13.8,-24.8,-29.8,-16.46666667,4.05,4,147
WB05,72.25,-109.75,-17,2.1,9.7,-32.8,-33.9,-31.9,-24.1,-11.4,-0.1,5.1,3,-3.4,-13.8,-24.9,-29.9,-16.50833333,4.05,14.3,270
WB06,72.25,-109.917,-16.5,2.6,9.1,-32.8,-33.9,-31.8,-24,-11.4,0,5.1,3,-3.4,-13.8,-24.8,-29.8,-16.46666667,4.05,9.6,305
Wolf,73.583,-98.417,-17.3,1.6,11.7,-33.6,-34.6,-32.4,-24.4,-11.5,-0.9,4.1,2,-4.9,-15.3,-25.3,-30.4,-17.26666667,3.05,6,151
G1,64.6593,-50.5298,-2.6,6.6,58.2,-12.4,-12.8,-11.7,-6.3,0.1,4,6.4,5.4,1.8,-4,-8,-11,-4.041666667,5.9,8.1,30
G2,64.6564,-50.518,-2.6,6.6,58.2,-12.4,-12.8,-11.7,-6.3,0.1,4,6.4,5.4,1.8,-4,-8,-11,-4.041666667,5.9,9,51
G5,64.6638,-50.5035,-2.6,6.6,58.2,-12.4,-12.8,-11.7,-6.3,0.1,4,6.4,5.4,1.8,-4,-8,-11,-4.041666667,5.9,5.75,94
G8,64.6495,-50.4682,-2.4,6.7,57.3,-13.1,-13.5,-12.3,-6.8,-0.3,3.7,6,5,1.2,-4.6,-8.7,-11.8,-4.6,5.5,2.38,106
G7,64.6573,-50.4646,-2.4,6.7,57.3,-13.1,-13.5,-12.3,-6.8,-0.3,3.7,6,5,1.2,-4.6,-8.7,-11.8,-4.6,5.5,7.3,210
G24,64.6343,-50.4684,-2.4,6.7,57.3,-13.1,-13.5,-12.3,-6.8,-0.3,3.7,6,5,1.2,-4.6,-8.7,-11.8,-4.6,5.5,4.1,143
G9,64.6562,-50.4356,-2.6,6.5,58.2,-13.1,-13.5,-12.3,-6.8,-0.3,3.7,6,5,1.2,-4.6,-8.7,-11.8,-4.6,5.5,4.6,193
G16A,64.6472,-50.4373,-2.6,6.5,58.2,-13.1,-13.5,-12.3,-6.8,-0.3,3.7,6,5,1.2,-4.6,-8.7,-11.8,-4.6,5.5,2.1,230
G18,64.6379,-50.4139,-3.1,6.1,60.8,-13.1,-13.5,-12.3,-6.8,-0.3,3.7,6,5,1.2,-4.6,-8.7,-11.8,-4.6,5.5,8.4,262
G19,64.6369,-50.4084,-3.1,6.1,60.8,-13.1,-13.5,-12.3,-6.8,-0.3,3.7,6,5,1.2,-4.6,-8.7,-11.8,-4.6,5.5,8.7,275
G20B,64.6302,-50.3973,-3.1,6.1,60.8,-13.1,-13.5,-12.3,-6.8,-0.3,3.7,6,5,1.2,-4.6,-8.7,-11.8,-4.6,5.5,20.1,310
G17,64.6421,-50.4171,-2.6,6.5,58.2,-13.1,-13.5,-12.3,-6.8,-0.3,3.7,6,5,1.2,-4.6,-8.7,-11.8,-4.6,5.5,9.8,319
G35,64.6218,-50.4821,-4.1,5.2,67.1,-13.1,-13.5,-12.3,-6.8,-0.3,3.7,6,5,1.2,-4.6,-8.7,-11.8,-4.6,5.5,5.6,319
G13,64.6534,-50.4092,-3.1,6.1,60.8,-13.1,-13.5,-12.3,-6.8,-0.3,3.7,6,5,1.2,-4.6,-8.7,-11.8,-4.6,5.5,4.3,364
G21,64.6274,-50.377,-3.1,6.1,60.8,-13.1,-13.5,-12.3,-6.8,-0.3,3.7,6,5,1.2,-4.6,-8.7,-11.8,-4.6,5.5,4.25,400
G12A,64.6495,-50.4189,-2.6,6.5,58.2,-13.1,-13.5,-12.3,-6.8,-0.3,3.7,6,5,1.2,-4.6,-8.7,-11.8,-4.6,5.5,1.2,423
G14,64.648,-50.3783,-3.1,6.1,60.8,-13.1,-13.5,-12.3,-6.8,-0.3,3.7,6,5,1.2,-4.6,-8.7,-11.8,-4.6,5.5,6.8,491
G21A,64.63,-50.3708,-3.4,5.9,61.8,-13.1,-13.5,-12.3,-6.8,-0.3,3.7,6,5,1.2,-4.6,-8.7,-11.8,-4.6,5.5,3,500
G14A,64.6475,-50.3715,-3.4,5.9,61.8,-13.1,-13.5,-12.3,-6.8,-0.3,3.7,6,5,1.2,-4.6,-8.7,-11.8,-4.6,5.5,4.9,514
G29,64.6039,-50.4866,-4.1,5.2,67.1,-13.1,-13.5,-12.3,-6.8,-0.3,3.7,6,5,1.2,-4.6,-8.7,-11.8,-4.6,5.5,6.2,605
G29A,64.6026,-50.5016,-3.8,5.4,65.8,-12.4,-12.8,-11.7,-6.3,0.1,4,6.4,5.4,1.8,-4,-8,-11,-4.041666667,5.9,4.2,608
G27,64.6041,-50.4703,-4.1,5.2,67.1,-13.1,-13.5,-12.3,-6.8,-0.3,3.7,6,5,1.2,-4.6,-8.7,-11.8,-4.6,5.5,9.6,617
G25A,64.6141,-50.4614,-4.1,5.2,67.1,-13.1,-13.5,-12.3,-6.8,-0.3,3.7,6,5,1.2,-4.6,-8.7,-11.8,-4.6,5.5,4.95,630
G30,64.5992,-50.4448,-4.4,5,68.7,-13.1,-13.5,-12.3,-6.8,-0.3,3.7,6,5,1.2,-4.6,-8.7,-11.8,-4.6,5.5,3.9,700
G28,64.5973,-50.4702,-4.1,5.2,67.1,-13.1,-13.5,-12.3,-6.8,-0.3,3.7,6,5,1.2,-4.6,-8.7,-11.8,-4.6,5.5,8.8,835
Myrah1,66.0127,-21.406,2.2,8.3,76,-4.1,-3.7,-3.8,-1,2.6,6,7.9,7.4,4.3,1.1,-2.1,-3.8,0.9,7.65,1.3,73
Myrah2,66.0107,-21.4165,2.2,8.3,76,-4.1,-3.7,-3.8,-1,2.6,6,7.9,7.4,4.3,1.1,-2.1,-3.8,0.9,7.65,0.76,66
Gjogur,66.0026,-21.3602,2.5,8.6,74.5,-4.1,-3.7,-3.8,-1,2.6,6,7.9,7.4,4.3,1.1,-2.1,-3.8,0.9,7.65,1.13,43
Finbog,66.0131,-21.477,1.9,8,78.3,-4.1,-3.7,-3.8,-1,2.6,6,7.9,7.4,4.3,1.1,-2.1,-3.8,0.9,7.65,0.46,23
Thidri,65.6828,-21.737,2.3,8.4,80.2,-4.2,-3.8,-3.8,-1.1,2.5,6,7.8,7.3,4.2,1,-2.3,-3.9,0.808333333,8.1,56.9,90
Hrof,65.7414,-21.7735,1.9,7.9,82.7,-4.2,-3.8,-3.8,-1.1,2.5,6,7.8,7.3,4.2,1,-2.3,-3.9,0.808333333,8.1,2.74,178
Fitja,65.7417,-21.8008,1.7,7.7,83.9,-4.2,-3.8,-3.8,-1.1,2.5,6,7.8,7.3,4.2,1,-2.3,-3.9,0.808333333,8.1,0.37,175
Reidgo,65.7676,-21.6327,2.1,8.1,80.2,-4.2,-3.7,-3.7,-0.9,2.7,6.1,8,7.5,4.3,1.1,-2.2,-3.8,0.933333333,8.1,4.27,162
Ogmund,65.7671,-21.6158,2.3,8.3,79.4,-4.2,-3.7,-3.7,-0.9,2.7,6.1,8,7.5,4.3,1.1,-2.2,-3.8,0.933333333,8.1,1.4,157
Nord1,65.7489,-22.1055,0.8,6.8,91.9,-4.2,-3.7,-3.7,-1.1,2.5,5.9,7.8,7.3,4.1,0.9,-2.3,-3.8,0.808333333,7.9,1.37,437
Marg,65.7733,-22.1827,0.9,7,91.6,-3.8,-3.3,-3.3,-0.8,2.8,6.2,8.1,7.6,4.4,1.3,-1.9,-3.4,1.158333333,7.9,1.83,418
Nord2,65.7558,-22.147,0.7,6.8,92.2,-4.2,-3.7,-3.7,-1.1,2.5,5.9,7.8,7.3,4.1,0.9,-2.3,-3.8,0.808333333,7.9,3.63,441
Eyrar,65.7953,-22.6118,1.7,7.6,94.3,-3.2,-2.8,-2.7,-0.4,3.2,6.6,8.5,8,4.9,1.8,-1.3,-2.8,1.65,8.05,0.85,317
Efst,65.9353,-22.6773,2.1,8,93.7,-3.6,-3.2,-3.1,-0.9,2.7,6.1,8,7.6,4.4,1.3,-1.7,-3.2,1.2,8.05,3.8,123
Lauga,65.9797,-22.6572,2.3,8.2,91.3,-3.4,-3,-2.9,-0.6,2.9,6.3,8.2,7.8,4.6,1.6,-1.4,-3,1.425,8.05,1.4,46
Mjolk2,65.7662,-23.1272,1.9,7.6,110.3,-3.7,-3.3,-3.3,-1,2.7,6,7.8,7.5,4.2,1.2,-1.8,-3.3,1.083333333,7.8,1.31,402
Pverd,65.6205,-23.2232,2.2,7.7,111.8,-3.2,-2.7,-2.8,-0.5,3.1,6.4,8.2,7.9,4.7,1.8,-1.2,-2.8,1.575,7.8,0.61,381
Djup1,65.6534,-23.2672,1.6,7.2,116.2,-3.2,-2.7,-2.8,-0.5,3.1,6.4,8.2,7.9,4.7,1.8,-1.2,-2.8,1.575,7.8,2.32,498
Djup2,65.6598,-23.239,0.9,6.6,118.1,-3.2,-2.7,-2.8,-0.5,3.1,6.4,8.2,7.9,4.7,1.8,-1.2,-2.8,1.575,7.8,0.61,426
FremGu,65.5769,-22.393,2.9,8.8,82.6,-3.6,-3.1,-3,-0.6,3,6.4,8.3,7.8,4.6,1.5,-1.7,-3.2,1.366666667,8.25,0.61,28
Hogna,65.7504,-22.1655,0.7,6.8,92.2,-4.2,-3.7,-3.7,-1.1,2.5,5.9,7.8,7.3,4.1,0.9,-2.3,-3.8,0.808333333,7.9,1.98,422
Porsk1,65.7116,-22.1382,0.7,6.8,92.3,-4.2,-3.7,-3.7,-1.1,2.5,5.9,7.8,7.3,4.1,0.9,-2.3,-3.8,0.808333333,7.9,2.47,484
Holm1,65.7035,-22.1068,0.9,7,91.4,-4.2,-3.7,-3.7,-1.1,2.5,5.9,7.8,7.3,4.1,0.9,-2.3,-3.8,0.808333333,7.95,7.56,453
Holm2,65.6929,-22.0813,0.8,6.9,91.6,-4.2,-3.7,-3.7,-1.1,2.5,5.9,7.8,7.3,4.1,0.9,-2.3,-3.8,0.808333333,7.95,3.35,462
Midal1,65.7908,-22.2195,1.1,7.1,91,-3.8,-3.3,-3.3,-0.8,2.8,6.2,8.1,7.6,4.4,1.3,-1.9,-3.4,1.158333333,7.9,0.7,369
Midal2,65.7769,-22.2123,1.1,7.1,91,-3.8,-3.3,-3.3,-0.8,2.8,6.2,8.1,7.6,4.4,1.3,-1.9,-3.4,1.158333333,7.9,0.76,391
Porsk2,65.6733,-22.0302,0.8,6.9,91.4,-4.2,-3.7,-3.7,-1.1,2.5,5.9,7.8,7.3,4.1,0.9,-2.3,-3.8,0.808333333,7.95,2.19,489
Bjark,65.5538,-22.108,2.5,8.5,82.1,-3.9,-3.4,-3.3,-0.7,2.9,6.3,8.2,7.6,4.4,1.3,-2,-3.5,1.158333333,8.5,1.25,60
MidhE,65.5537,-21.7845,1.2,7.2,88.9,-4.1,-3.5,-3.5,-0.8,2.9,6.3,8.1,7.6,4.4,1.2,-2.2,-3.7,1.058333333,8,21.34,396
MidhW,65.5536,-21.786,1.2,7.2,88.9,-4.1,-3.5,-3.5,-0.8,2.9,6.3,8.1,7.6,4.4,1.2,-2.2,-3.7,1.058333333,8,3.05,391
KrokL,65.5388,-21.806,1.4,7.4,87.5,-4.1,-3.5,-3.5,-0.8,2.9,6.3,8.1,7.6,4.4,1.2,-2.2,-3.7,1.058333333,8,3.29,398
Krokav,65.5282,-21.828,1.4,7.4,87.5,-4.1,-3.5,-3.5,-0.8,2.9,6.3,8.1,7.6,4.4,1.2,-2.2,-3.7,1.058333333,8,1.65,375
Stein,65.2202,-21.2625,2.6,8.5,85.8,-4.2,-3.6,-3.4,-0.6,3.2,6.6,8.4,7.8,4.5,1.2,-2.4,-3.8,1.141666667,7.8,0.91,173
Hauka,65.0589,-21.5813,2.4,8.3,87.8,-4.2,-3.6,-3.4,-0.6,3.1,6.5,8.3,7.7,4.3,1,-2.5,-3.9,1.058333333,7.8,40,52
Holmla,65.0169,-22.0613,3.5,9.3,80.3,-3.5,-3,-2.8,-0.1,3.5,6.8,8.6,8.1,4.8,1.6,-1.7,-3.2,1.591666667,8.35,1.04,65
Svinav,64.9392,-22.2308,3.1,8.9,84.3,-2.9,-2.3,-2.1,0.5,4.1,7.3,9.1,8.6,5.4,2.3,-1,-2.5,2.208333333,9.15,11.64,158
Helga,65.0411,-22.7397,3.9,9.5,79.3,-2.6,-2,-1.9,0.6,4.2,7.4,9.2,8.8,5.7,2.6,-0.6,-2.1,2.441666667,8.7,2.29,25
Torfa,64.8199,-23.1752,4.4,9.7,96.4,-2.5,-1.9,-1.9,0.5,4,7.1,8.9,8.6,5.5,2.6,-0.6,-2.1,2.35,8.9,3.29,21
Oddas,64.9127,-22.227,3.6,9.4,81.6,-2.9,-2.3,-2.1,0.5,4.1,7.3,9.1,8.6,5.4,2.3,-1,-2.5,2.208333333,9.15,17.8,72
Kring,64.7536,-22.2678,3.9,9.7,82.3,-2.7,-2,-1.9,0.7,4.3,7.5,9.3,8.8,5.6,2.5,-0.8,-2.3,2.416666667,9.15,0.67,46
Vala,64.8667,-23.5608,2.9,8.2,116.4,-2.3,-1.8,-1.8,0.5,4.1,7.2,8.9,8.6,5.6,2.7,-0.5,-2,2.433333333,8.75,1.3,301
Mula,64.871,-23.5888,2.9,8.2,117.6,-2.3,-1.8,-1.8,0.5,4.1,7.2,8.9,8.6,5.6,2.7,-0.5,-2,2.433333333,8.75,3.1,206
Skjald,65.0451,-22.7963,4,9.6,80.7,-2.6,-2,-1.9,0.6,4.2,7.4,9.2,8.8,5.7,2.6,-0.6,-2.1,2.441666667,8.7,1.3,12
Nesvog,65.0591,-22.714,3.8,9.5,78.4,-2.6,-2,-1.9,0.6,4.2,7.4,9.2,8.8,5.7,2.6,-0.6,-2.1,2.441666667,8.7,1.2,21
Saura,65.0148,-22.0717,3.5,9.3,80.3,-3.5,-3,-2.8,-0.1,3.5,6.8,8.6,8.1,4.8,1.6,-1.7,-3.2,1.591666667,8.7,14.3,11
Baular,64.9114,-22.8802,2.6,8.2,97.8,-2.4,-1.8,-1.7,0.8,4.3,7.5,9.3,8.9,5.8,2.8,-0.4,-1.9,2.6,8.9,32.4,198
Langa,64.8092,-23.0365,4.3,9.7,91.7,-2.4,-1.8,-1.8,0.7,4.2,7.3,9.1,8.7,5.7,2.7,-0.5,-2,2.491666667,8.9,1.2,25
Hlidar,64.901,-22.153,3.1,8.9,84.9,-3.3,-2.6,-2.5,0.2,3.9,7.1,8.9,8.3,5.1,1.9,-1.4,-2.9,1.891666667,9.15,19,86
Vatns,65.5949,-23.121,3.2,8.7,101.1,-3.6,-3.1,-3.1,-0.8,2.8,6.2,8,7.6,4.4,1.4,-1.7,-3.2,1.241666667,7.8,33.8,20
Krok G,65.7084,-23.1047,1,6.7,113.3,-3.7,-3.3,-3.3,-1,2.7,6,7.8,7.5,4.2,1.2,-1.8,-3.3,1.083333333,7.8,18.8,550
Dynja,65.7344,-23.1615,1.7,7.4,111.3,-3.7,-3.3,-3.3,-1,2.7,6,7.8,7.5,4.2,1.2,-1.8,-3.3,1.083333333,7.8,1,297
SvinAf,65.748,-23.1582,1.7,7.4,111.3,-3.7,-3.3,-3.3,-1,2.7,6,7.8,7.5,4.2,1.2,-1.8,-3.3,1.083333333,7.8,0.7,213
Sydra,66.1269,-23.2462,2.3,8,107.6,-3.6,-3.3,-3.5,-1.1,2.5,5.8,7.5,7.3,4.2,1.2,-1.7,-3.3,1,7.45,1.5,8
SS01,66.9867,-50.9283,-4.9,8.2,24.6,-19.5,-20.5,-17.1,-8.6,1.8,7.5,9.7,7.8,2.6,-6.2,-12.3,-17,-5.983333333,8.75,5.5,120
SS02,66.9967,-50.97,-5.2,7.8,26.5,-19.5,-20.5,-17.1,-8.6,1.8,7.5,9.7,7.8,2.6,-6.2,-12.3,-17,-5.983333333,8.75,11.2,185
SS03,66.9983,-51.0283,-5.3,7.6,27.1,-19,-20,-16.9,-8.5,1.6,7.1,9.4,7.6,2.6,-5.9,-11.9,-16.5,-5.866666667,8.5,22.2,175
SS05,66.99,-51.0883,-5.3,7.6,27.4,-19,-20,-16.9,-8.5,1.6,7.1,9.4,7.6,2.6,-5.9,-11.9,-16.5,-5.866666667,8.5,28.5,175
SS06,66.9967,-51.11,-5.3,7.6,27.4,-19,-20,-16.9,-8.5,1.6,7.1,9.4,7.6,2.6,-5.9,-11.9,-16.5,-5.866666667,8.5,12.8,175
SS07,67.0033,-51.105,-5.2,7.6,27.1,-19.4,-20.5,-17.5,-9.1,1.1,6.7,9,7.2,2.1,-6.4,-12.3,-16.9,-6.333333333,8.1,6.2,185
SS09,66.9267,-50.4167,-5.2,7.9,27.4,-19.5,-20.5,-17.1,-8.7,1.6,7.3,9.4,7.5,2.2,-6.6,-12.6,-17.2,-6.183333333,8.45,2.2,490
SS10,66.9317,-50.43,-5.2,7.9,27.4,-19.5,-20.5,-17.1,-8.7,1.6,7.3,9.4,7.5,2.2,-6.6,-12.6,-17.2,-6.183333333,8.45,26.7,520
SS11,66.9383,-50.415,-5.2,7.8,27.6,-19.5,-20.5,-17.1,-8.7,1.6,7.3,9.4,7.5,2.2,-6.6,-12.6,-17.2,-6.183333333,8.45,4,480
SS12,66.935,-50.4017,-5.2,7.8,27.6,-19.5,-20.5,-17.1,-8.7,1.6,7.3,9.4,7.5,2.2,-6.6,-12.6,-17.2,-6.183333333,8.45,18,470
SS13,66.925,-50.3767,-5.2,7.8,27.6,-19.5,-20.5,-17.1,-8.7,1.6,7.3,9.4,7.5,2.2,-6.6,-12.6,-17.2,-6.183333333,8.45,20,490
SS15,66.92,-50.4367,-5.2,7.9,27.4,-19.5,-20.5,-17.1,-8.7,1.6,7.3,9.4,7.5,2.2,-6.6,-12.6,-17.2,-6.183333333,8.45,32,475
SS17,66.99,-50.5983,-5,8.2,25.2,-19.8,-20.8,-17.4,-8.9,1.5,7.2,9.4,7.4,2.1,-6.7,-12.8,-17.5,-6.358333333,8.4,11.2,215
SS19,67.1467,-50.305,-5.3,7.7,27.5,-19.5,-20.4,-17.3,-9,1.3,7,9.1,7.2,1.8,-6.8,-12.7,-17.2,-6.375,8.15,9,470
SS20,67.1517,-50.325,-5.3,7.7,27.5,-19.5,-20.4,-17.3,-9,1.3,7,9.1,7.2,1.8,-6.8,-12.7,-17.2,-6.375,8.15,16.2,445
SS21,67.1583,-50.34,-5.2,7.8,26.7,-19.7,-20.7,-17.4,-8.9,1.5,7.2,9.3,7.3,2,-6.7,-12.8,-17.4,-6.358333333,8.3,30,470
SS22,67.1667,-50.3317,-5.1,7.9,26.5,-19.4,-20.5,-17.5,-9.1,1.2,6.9,9.1,7.1,1.8,-6.8,-12.7,-17.2,-6.425,8.1,11,470
SS24,67.1117,-50.4717,-5.3,7.8,26.3,-19.7,-20.7,-17.4,-8.9,1.5,7.2,9.3,7.3,2,-6.7,-12.8,-17.4,-6.358333333,8.3,30,370
SS25,67.1067,-50.4933,-5.3,7.8,26.3,-19.7,-20.7,-17.4,-8.9,1.5,7.2,9.3,7.3,2,-6.7,-12.8,-17.4,-6.358333333,8.3,16.2,370
SS32,66.965,-49.8017,-5.4,7.1,32.8,-19.3,-20.2,-17.4,-9.5,0.4,5.8,8,6,0.7,-7.5,-13.2,-17.4,-6.966666667,7,21,470
SS41,66.747,-51.8038,-4.9,6.6,34.4,-16.7,-17.8,-15.9,-8.4,0.4,5.4,7.9,6.6,2.3,-5.1,-10.3,-14.3,-5.491666667,7.25,12.4,160
SS43,66.733,-51.8118,-4.9,6.6,34.4,-16.7,-17.8,-15.9,-8.4,0.4,5.4,7.9,6.6,2.3,-5.1,-10.3,-14.3,-5.491666667,7.25,7.5,335
SS45,66.8468,-52.6187,-4.4,6,36.7,-14.8,-15.9,-15.1,-8.2,-0.3,4.2,6.9,6.1,2.5,-3.9,-8.5,-12.2,-4.933333333,6.5,10.3,60
SS47,66.8597,-52.6422,-4.3,6.1,36.4,-14.8,-15.9,-15.1,-8.2,-0.3,4.2,6.9,6.1,2.5,-3.9,-8.5,-12.2,-4.933333333,6.5,9,330
SS48,66.8572,-52.6512,-4.3,6.1,36.4,-14.8,-15.9,-15.1,-8.2,-0.3,4.2,6.9,6.1,2.5,-3.9,-8.5,-12.2,-4.933333333,6.5,3.7,330
SS49,66.8593,-52.6555,-4.3,6.1,36.4,-14.8,-15.9,-15.1,-8.2,-0.3,4.2,6.9,6.1,2.5,-3.9,-8.5,-12.2,-4.933333333,6.5,10.5,320
SS50,66.8568,-52.6532,-4.3,6.1,36.4,-14.8,-15.9,-15.1,-8.2,-0.3,4.2,6.9,6.1,2.5,-3.9,-8.5,-12.2,-4.933333333,6.5,5,330
SS51,66.4948,-53.5078,-3.6,5.9,41.5,-13,-13.9,-13.9,-7.5,-0.6,3.3,6.2,5.8,2.8,-2.8,-7,-10.6,-4.266666667,6,14.5,45
SS52,66.4948,-53.5128,-3.6,5.9,41.5,-13,-13.9,-13.9,-7.5,-0.6,3.3,6.2,5.8,2.8,-2.8,-7,-10.6,-4.266666667,6,8.3,45
SS53,66.4938,-53.5297,-3.6,5.9,41.5,-13,-13.9,-13.9,-7.5,-0.6,3.3,6.2,5.8,2.8,-2.8,-7,-10.6,-4.266666667,6,8.3,50
SS54,66.496,-53.5257,-3.6,5.9,41.5,-13,-13.9,-13.9,-7.5,-0.6,3.3,6.2,5.8,2.8,-2.8,-7,-10.6,-4.266666667,6,25,40
SS71,66.96,-51.5325,-5.1,7,30.3,-17.5,-18.6,-16.4,-8.7,0.6,5.7,8.2,6.8,2.2,-5.5,-10.9,-15.1,-5.766666667,7.5,9,240
SS74,66.9393,-51.5752,-5,7,30.7,-17.5,-18.6,-16.4,-8.7,0.6,5.7,8.2,6.8,2.2,-5.5,-10.9,-15.1,-5.766666667,7.5,26,330
SS75,66.9398,-51.5555,-5,7,30.7,-17.5,-18.6,-16.4,-8.7,0.6,5.7,8.2,6.8,2.2,-5.5,-10.9,-15.1,-5.766666667,7.5,47,340
SS76,66.9452,-51.5587,-5,7,30.7,-17.5,-18.6,-16.4,-8.7,0.6,5.7,8.2,6.8,2.2,-5.5,-10.9,-15.1,-5.766666667,7.5,21,345
SS77,66.4937,-53.5027,-3.6,5.9,41.5,-13,-13.9,-13.9,-7.5,-0.6,3.3,6.2,5.8,2.8,-2.8,-7,-10.6,-4.266666667,6,67,50
SS78,66.485,-53.5008,-3.6,5.9,41.5,-13,-13.9,-13.9,-7.5,-0.6,3.3,6.2,5.8,2.8,-2.8,-7,-10.6,-4.266666667,6,18,50
SS85,66.9827,-51.0575,-5.3,7.6,27.4,-19,-20,-16.9,-8.5,1.6,7.1,9.4,7.6,2.6,-5.9,-11.9,-16.5,-5.866666667,8.5,13,178
CH01,59.4054,-95.4099,-8.1,9.8,39.6,-28,-26.2,-21,-10.4,-1.2,6.5,12.3,11.2,5.3,-2.6,-14.6,-24,-7.725,11.75,4.5,65
CH02,59.6692,-95.4271,-8.5,9.6,38.7,-28.5,-26.7,-21.6,-11.1,-1.8,6.1,12,11,5,-3,-15.1,-24.4,-8.175,11.5,2.6,70
CH03,59.2744,-95.8658,-8,10.1,40.4,-28,-26,-20.7,-10.1,-0.8,6.9,12.5,11.3,5.2,-2.6,-14.8,-24.1,-7.6,11.9,4.5,105
CH04,60.2664,-95.6158,-9.1,9.3,36.7,-29.2,-27.4,-22.6,-12.1,-2.5,5.6,11.8,10.6,4.6,-3.6,-16,-25,-8.816666667,11.2,5,91
CH05,60.4432,-95.6917,-9.2,9.3,35.8,-29.3,-27.6,-22.8,-12.2,-2.6,5.6,11.8,10.6,4.6,-3.8,-16.2,-25.1,-8.916666667,11.2,4,99
CH06,60.2083,-96.1403,-9,9.5,37.4,-29.2,-27.5,-22.5,-11.9,-2.3,5.8,11.9,10.7,4.5,-3.8,-16.2,-25.1,-8.8,11.3,2.3,137
CH08,60.0286,-97.2839,-8.9,9.7,38.5,-29,-27.2,-21.9,-11.2,-1.4,6.9,12.6,11.1,4.7,-3.5,-16.2,-24.9,-8.333333333,11.85,2.7,249
CH09,59.7894,-96.4936,-8.6,9.7,39.4,-28.6,-26.7,-21.5,-10.8,-1.3,6.7,12.4,11.1,4.9,-3.2,-15.6,-24.6,-8.1,11.75,2.9,188
AV01,61.1509,-94.1178,-10,8.5,32.9,-30.3,-28.5,-24.2,-13.9,-4.3,3.9,10.7,9.7,4.3,-4.5,-17.1,-26,-10.01666667,10.2,1.5,4
AV03,61.2405,-94.1874,-10.1,8.5,32.7,-30.4,-28.7,-24.3,-14.1,-4.4,3.9,10.8,9.8,4.2,-4.7,-17.3,-26.1,-10.10833333,10.3,3,14
AV04,61.2553,-94.1432,-10.1,8.4,32.7,-30.5,-28.7,-24.4,-14.1,-4.5,3.8,10.7,9.7,4.2,-4.7,-17.3,-26.2,-10.16666667,10.2,1.1,24
AV05,61.2628,-94.1802,-10.1,8.4,32.7,-30.4,-28.7,-24.3,-14.1,-4.4,3.9,10.8,9.8,4.2,-4.7,-17.3,-26.1,-10.10833333,10.3,2,21
AV06,61.267,-94.2448,-10.1,8.5,32.7,-30.4,-28.7,-24.3,-14.1,-4.4,3.9,10.8,9.8,4.2,-4.7,-17.3,-26.1,-10.10833333,10.3,2,13
AV11,61.2782,-94.2266,-10.1,8.5,32.7,-30.4,-28.7,-24.3,-14.1,-4.4,3.9,10.8,9.8,4.2,-4.7,-17.3,-26.1,-10.10833333,10.3,0.5,23
AV09,61.2807,-94.3205,-10.1,8.5,32.7,-30.4,-28.7,-24.3,-14.1,-4.4,3.9,10.8,9.8,4.2,-4.7,-17.3,-26.1,-10.10833333,10.3,6,21
AV07,61.2821,-94.2695,-10.1,8.5,32.7,-30.4,-28.7,-24.3,-14.1,-4.4,3.9,10.8,9.8,4.2,-4.7,-17.3,-26.1,-10.10833333,10.3,1.7,11
RI17,62.8438,-92.2214,-11.6,7,27.5,-32.2,-30.5,-26,-16.7,-6.6,3.4,9.9,8.9,3.1,-5.7,-18.5,-27.8,-11.55833333,9.4,5.5,14
RI21,62.8544,-92.2504,-11.6,7,27.5,-32.2,-30.5,-26,-16.7,-6.6,3.4,9.9,8.9,3.1,-5.7,-18.5,-27.8,-11.55833333,9.4,2.5,19
RI20,62.8616,-92.2946,-11.6,7.1,27.5,-32.2,-30.5,-26,-16.7,-6.6,3.4,9.9,8.9,3.1,-5.7,-18.5,-27.8,-11.55833333,9.4,9.3,14
RI15,62.8644,-92.2331,-11.6,7,27.5,-32.2,-30.5,-26,-16.7,-6.6,3.4,9.9,8.9,3.1,-5.7,-18.5,-27.8,-11.55833333,9.4,2.2,18
RI08,62.8653,-92.1738,-11.6,7,27.5,-32.2,-30.5,-26,-16.7,-6.6,3.4,9.9,8.9,3.1,-5.7,-18.5,-27.8,-11.55833333,9.4,7.4,31
RI13,62.8668,-92.2053,-11.6,7,27.5,-32.2,-30.5,-26,-16.7,-6.6,3.4,9.9,8.9,3.1,-5.7,-18.5,-27.8,-11.55833333,9.4,8.7,16
RI16,62.8681,-92.2531,-11.6,7,27.5,-32.2,-30.5,-26,-16.7,-6.6,3.4,9.9,8.9,3.1,-5.7,-18.5,-27.8,-11.55833333,9.4,2.9,18
RI10,62.8747,-92.1767,-11.6,7,27.5,-32.2,-30.5,-26,-16.7,-6.6,3.4,9.9,8.9,3.1,-5.7,-18.5,-27.8,-11.55833333,9.4,1,12
RI05,62.8959,-92.2128,-11.6,7,27.5,-32.2,-30.5,-26,-16.7,-6.6,3.4,9.9,8.9,3.1,-5.7,-18.5,-27.8,-11.55833333,9.4,3.5,23
RI06,62.9008,-92.2788,-11.6,7,27.5,-32.2,-30.5,-26,-16.7,-6.6,3.4,9.9,8.9,3.1,-5.7,-18.5,-27.8,-11.55833333,9.4,4.2,54
R0I4,62.9086,-92.2224,-11.6,7,27.5,-32.2,-30.5,-26,-16.7,-6.6,3.4,9.9,8.9,3.1,-5.7,-18.5,-27.8,-11.55833333,9.4,3,23
RI11,62.9094,-92.1635,-11.6,7,27.5,-32.2,-30.6,-26.1,-16.7,-6.6,3.3,9.8,8.8,3.1,-5.7,-18.4,-27.8,-11.59166667,9.3,3.2,34
RI02,62.9167,-92.2349,-11.7,6.9,27.5,-32.2,-30.5,-26,-16.7,-6.6,3.4,9.9,8.9,3.1,-5.7,-18.5,-27.8,-11.55833333,9.4,4,13
BL01,64.2375,-95.9883,-12.8,7.7,24.2,-32.7,-32.1,-28,-17.7,-6.7,4,10.9,9.4,2.5,-7.4,-20.5,-28.3,-12.21666667,10.15,13.5,2
BL02,64.3394,-95.9654,-13.1,7.4,24.3,-32.9,-32.4,-28.4,-18.1,-7,3.7,10.6,9,2.1,-7.8,-20.8,-28.5,-12.54166667,9.8,12,59
BL11,64.4123,-96.0333,-13.2,7.4,24.3,-32.9,-32.4,-28.4,-18.1,-7,3.8,10.7,9.1,2.1,-7.8,-20.8,-28.5,-12.51666667,9.9,1.5,66
BL17,64.5161,-96.1629,-13.3,7.2,24.1,-33,-32.6,-28.6,-18.3,-7.2,3.6,10.5,8.9,2,-7.9,-21,-28.6,-12.68333333,9.7,1.1,86
BL35,64.3323,-95.903,-12.9,7.6,24.2,-32.7,-32.1,-28,-17.7,-6.7,4,10.9,9.4,2.5,-7.4,-20.5,-28.3,-12.21666667,10.15,1.6,63
BL06,64.3492,-96.0128,-13.1,7.5,24.3,-32.9,-32.4,-28.4,-18.1,-7,3.8,10.7,9.1,2.1,-7.8,-20.8,-28.5,-12.51666667,9.9,2.7,83
BL16,64.5075,-96.141,-13.3,7.2,24.1,-33,-32.6,-28.6,-18.3,-7.2,3.6,10.5,8.9,2,-7.9,-21,-28.6,-12.68333333,9.7,13,86
BY14,72.93,-79.7,-15.3,3.1,17.5,-31.1,-33.2,-30.2,-22.1,-9.7,1,5.4,3.8,-2.5,-13.3,-23.1,-28.2,-15.26666667,4.6,4.3,201
BY16,72.94,-79.6,-15.5,2.9,18,-31.5,-33.6,-30.5,-22.5,-10,0.7,5.1,3.5,-2.8,-13.6,-23.5,-28.6,-15.60833333,4.3,3.7,251
T02,64.9423,-164.843,-4.5,8.8,39.4,-15.7,-17.8,-15.3,-10.2,0,6,9.6,8.9,4.5,-4.1,-11,-15.6,-5.058333333,9.25,4.1,184
T15,65.2326,-164.823,-4.2,9.3,37.2,-15.6,-17.7,-15.1,-9.7,0.6,6.7,10.5,9.8,5.3,-3.6,-10.7,-15.6,-4.591666667,10.15,3.2,91
MBESCH,75.583,-84.417,-17,2.4,15.4,-32.2,-33.6,-32.1,-23.7,-10.8,0.6,4.7,2.3,-5.8,-17.4,-25.9,-29.6,-16.95833333,3.5,8.2,33
FISH,75.583,-84.583,-17,2.4,15.1,-32.1,-33.5,-32,-23.6,-10.6,0.8,4.9,2.5,-5.6,-17.3,-25.7,-29.5,-16.80833333,3.7,4.5,21
INSTAAR,62.25,-66.25,-7.8,4.2,37,-22.2,-22.8,-20.8,-13,-4.7,1,5.4,5.1,1,-4.3,-9.7,-18.1,-8.591666667,5.25,10,13
MERCER,62.25,-66.25,-7.8,4.2,37,-22.2,-22.8,-20.8,-13,-4.7,1,5.4,5.1,1,-4.3,-9.7,-18.1,-8.591666667,5.25,10,45
PHALR,75.583,-84.583,-17,2.4,15.1,-32.1,-33.5,-32,-23.6,-10.6,0.8,4.9,2.5,-5.6,-17.3,-25.7,-29.5,-16.80833333,3.7,5,9
B2,66.31,-64.69,-11.9,1.8,39.2,-23.9,-24.5,-23.1,-15.8,-7,-0.1,4.8,3.9,-1.2,-6.9,-13.9,-20.8,-10.70833333,4.35,3.8,574
B3,65.85,-65.56,-10.8,2.8,36.4,-24.3,-25.1,-23.4,-15.9,-6.9,0.1,4.8,4,-1.1,-6.8,-13.9,-21.2,-10.80833333,4.4,17.1,115
B4,65.57,-65.16,-10.6,2.8,38.4,-24.1,-24.7,-23.2,-15.8,-6.9,-0.2,4.6,3.8,-1.2,-6.9,-13.7,-20.9,-10.76666667,4.2,3.8,92
B10,65.64,-68.06,-10.8,4.1,34.6,-26.1,-27.1,-24.9,-16.5,-6.5,1.3,6,4.9,0,-6.6,-14.3,-22.6,-11.03333333,5.45,23.4,197
B11,66.25,-67.88,-10.3,4.3,29.6,-25.1,-26.1,-24.1,-16,-6.2,1.6,6.4,5.3,0.4,-6.1,-13.8,-21.7,-10.45,5.85,43.8,85
B13,66.61,-66.2,-11.6,2.4,34.1,-24.4,-25.2,-23.5,-16,-6.8,0.6,5.3,4.3,-0.7,-6.5,-14,-21.2,-10.675,4.8,8,377
B16,66.87,-67.41,-11.6,2.9,31.8,-26.3,-27.3,-25.5,-17.7,-8.1,-0.3,4.5,3.3,-1.8,-8.1,-15.9,-23.2,-12.2,3.9,17,459
B17,66.69,-67.75,-11.2,3.4,31.1,-25.8,-26.8,-25,-17.1,-7.4,0.5,5.3,4.1,-0.9,-7.3,-15.1,-22.6,-11.50833333,4.7,7.1,246
B18,66.46,-66.93,-10.2,4,29.4,-24,-24.9,-23.1,-15.3,-6,1.5,6.2,5.3,0.4,-5.6,-13.2,-20.7,-9.95,5.75,11.8,7
B22,63.48,-71.11,-9.6,4.7,36.2,-26,-27,-24.2,-15.7,-6,1.3,6.2,5.1,0.7,-5.6,-12.7,-21.7,-10.46666667,5.65,6.8,203
B23,63.62,-69.8,-11.4,3.3,45.2,-28.6,-29.8,-26.8,-18.1,-7.7,-0.3,4.3,3.3,-1.3,-8,-15.3,-24.3,-12.71666667,3.8,13.4,623
B25,61.96,-66.08,-7.6,4.1,36.5,-21.2,-21.7,-19.8,-12.1,-4,1.4,5.9,5.6,1.7,-3.4,-8.6,-17,-7.766666667,5.75,35.5,52
B26,61.68,-65.12,-6.8,3.9,34.4,-19.5,-19.8,-18.5,-11.1,-3.7,1.3,5.8,5.6,1.8,-2.8,-7.2,-15.3,-6.95,5.7,3.7,322
B30,63.78,-68.54,-10.1,5.2,42.5,-27.1,-28.3,-25,-16,-5.4,2.4,6.7,5.8,1.2,-5.8,-13.6,-23.1,-10.68333333,6.25,4.9,156
B34,72.27,-84.68,-14.1,3.4,17.3,-29.2,-30,-28.1,-20,-9.3,1.1,5.9,3.5,-2.9,-13,-21.2,-25.9,-14.09166667,4.7,10.5,61
B37,72.7,-77.38,-18.2,0.5,27.2,-33,-35.2,-32.1,-24,-11.2,-0.5,3.7,2.2,-4,-14.6,-24.8,-30.5,-17,2.95,8.4,685.8
B38,72.43,-75.34,-13.7,3.9,15.3,-30.6,-32.4,-30.2,-22,-9.8,0.4,5.1,3.6,-2.6,-12.7,-22.3,-28.2,-15.14166667,4.35,4.1,106.7
B41,71.95,-79.33,-14.5,3.6,17.1,-31.2,-32.9,-30,-21.9,-9.8,0.5,5.1,3.7,-2.2,-12.5,-22.6,-27.9,-15.14166667,4.4,3.6,64
B42,71.75,-78.32,-16.5,1.8,23.2,-32.5,-34.3,-31.5,-23.3,-11.1,-0.9,3.7,2.3,-3.7,-13.7,-24,-29.5,-16.54166667,3,10.4,646.2
B48,70.96,-70.86,-12.7,3.2,19.9,-28.3,-29.5,-28.4,-20.6,-9.7,-0.6,4.2,2.9,-2.9,-11.1,-19.8,-25.9,-14.14166667,3.55,13.2,134.1
B50,69.89,-67.82,-12.2,2.7,23.3,-26,-27.1,-25.8,-18.2,-8,0.4,4.4,3.7,-0.7,-7.3,-16.5,-23.1,-12.01666667,4.05,13.6,158.5
B51,69.42,-67.31,-11.6,2.9,23.3,-25.2,-26.2,-24.8,-17.4,-7.6,0.5,4.7,3.9,-0.8,-7,-15.7,-22.2,-11.48333333,4.3,21,207.3
B52,69.76,-70.65,-13.7,2.3,26,-28,-29,-28.1,-20.2,-9.8,-0.8,4.5,3,-2.9,-10.9,-19.3,-25.4,-13.90833333,3.75,14.6,579.1
B53,69.88,-70.41,-14.6,1.4,29.1,-28.9,-30,-29,-21.1,-10.5,-1.6,3.6,2.1,-3.7,-11.6,-20.3,-26.4,-14.78333333,2.85,4.8,112.8
B55,63.6,-65.52,-10.8,1.8,49.1,-24.2,-24.7,-23,-15.4,-6.7,-0.8,3.7,3.2,-1.3,-6.8,-12.6,-20.6,-10.76666667,3.45,17.9,597.4
B56,67.8,-66.28,-14,0.4,38.2,-26.9,-27.9,-26.4,-19,-9.6,-1.9,2.8,1.5,-3.8,-9.7,-17.5,-24,-13.53333333,2.15,6.5,79.2
B58,66.8,-63.96,-10.7,2.9,32.3,-23.3,-24,-22.6,-15.6,-6.9,0.2,5.2,4.3,-1.1,-6.7,-13.9,-20.4,-10.4,4.75,11,18.3
B59,66.95,-62.9,-10.2,3.4,36.8,-23.3,-24,-22.8,-15.7,-6.9,0.1,5.1,4.2,-1.3,-7.3,-14.4,-20.5,-10.56666667,4.65,14.7,201.2
B60,66.91,-62.17,-10.3,3.2,47.1,-23.6,-24.3,-23.3,-16.1,-7,0,4.8,4,-1.6,-8,-15.1,-21,-10.93333333,4.4,18.2,152.4
L01,51.417,-57.083,0.6,10.8,114.6,-11.4,-11.2,-7,-1.6,3.1,7.4,11.7,12,8.6,3.5,-1.1,-7.5,0.541666667,11.85,14,65
L02,51.583,-56.75,0.5,10.8,114,-11.7,-11.6,-7.4,-2,2.9,7.3,11.8,12,8.5,3.1,-1.6,-7.9,0.283333333,11.9,5,208
L03,51.583,-57.25,-0.3,10,119,-12.8,-12.4,-8,-2.6,2.3,6.6,10.9,11.1,7.6,2.4,-2.3,-9,-0.516666667,11,23,14
L10,52.917,-56.917,-1.2,9,109,-14.5,-14,-9.3,-3.7,1.6,6.4,10.6,10.5,6.8,1.6,-3.3,-10.4,-1.475,10.55,2,220
L14,52.417,-57.75,-1.6,9.3,116.3,-15.8,-14.8,-10,-3.9,1.6,6.4,10.8,10.5,6.4,0.9,-4.2,-11.9,-2,10.65,1,297
L16,52.083,-57.75,-0.9,9.8,116.1,-14.9,-13.9,-9.1,-3.2,2.1,6.8,11.2,11,7,1.5,-3.5,-11,-1.333333333,11.1,8,319
L17,52.083,-57.917,-1.1,9.9,117,-15.3,-14.1,-9.3,-3.2,2.1,6.9,11.3,11,6.9,1.4,-3.7,-11.4,-1.45,11.15,6,324
L20,52.25,-57.583,-1.3,9.4,116.7,-15.1,-14.2,-9.5,-3.6,1.7,6.4,10.8,10.6,6.7,1.2,-3.8,-11.2,-1.666666667,10.7,1,370
L22,53.583,-60.75,-1.4,12.2,96.4,-18.6,-17,-10.8,-3.5,3.6,9.5,14.1,12.8,7.7,1.2,-5.3,-14.6,-1.741666667,13.45,14,161
L28,54.25,-61.083,-2.6,10.6,93.2,-19.4,-18.1,-12.3,-5.2,2.1,7.9,12.4,11.4,6.6,0.3,-6.1,-15.1,-2.958333333,11.9,3,285
L29,54.417,-61.083,-2.8,10.3,92.8,-19.2,-18,-12.3,-5.3,1.9,7.7,12.2,11.3,6.6,0.3,-5.9,-14.8,-2.958333333,11.75,14,441
L34,54.25,-60.917,-2.6,10.6,94.4,-19.1,-17.9,-12.1,-5,2.2,7.9,12.4,11.5,6.7,0.4,-5.9,-14.8,-2.808333333,11.95,26,289
L35,55.083,-62.75,-5.3,8.8,85,-21.8,-20.5,-15.2,-8.3,-0.1,6.6,11.2,9.8,4.8,-1.8,-8.5,-17.6,-5.116666667,10.5,17,561
L36,55.25,-62.75,-5.8,8.2,85.4,-22.7,-21.5,-16.3,-9.4,-1.1,5.6,10.2,8.8,3.8,-2.8,-9.6,-18.5,-6.125,9.5,3,588
L41,54.75,-62.417,-4.5,9.5,86.7,-21.1,-19.8,-14.2,-7.2,0.7,7.2,11.7,10.4,5.5,-1.1,-7.8,-17,-4.391666667,11.05,14,581
L42,54.75,-62.417,-4.5,9.5,86.7,-21.1,-19.8,-14.2,-7.2,0.7,7.2,11.7,10.4,5.5,-1.1,-7.8,-17,-4.391666667,11.05,5,602
L43,57.083,-63.083,-6.6,6.6,75.3,-22,-21.3,-16.7,-9.6,-2,3.9,8.5,7.5,3,-3,-9.2,-17.5,-6.533333333,8,50,510
L45,57.25,-63.083,-6.1,6.9,70.7,-21.9,-21.3,-16.8,-9.7,-2.2,3.7,8.3,7.3,2.9,-3.1,-9.2,-17.4,-6.616666667,7.8,24,472
L46,57.25,-62.75,-5.2,7.4,70.4,-21.1,-20.6,-16,-9,-1.7,3.9,8.6,7.7,3.4,-2.5,-8.5,-16.6,-6.033333333,8.15,23,527
L50,56.583,-64.583,-6.3,8.4,62.3,-23.2,-22.3,-17.5,-9.8,-1.5,5.1,9.6,8.4,3.3,-3,-9.8,-19.1,-6.65,9,9,585
L54,56.25,-63.917,-5.8,8.6,66.1,-22.4,-21.4,-16.5,-9.2,-0.9,5.7,10.2,8.9,4,-2.4,-9,-18.2,-5.933333333,9.55,3,475
L56,56.25,-64.417,-5.8,9,61.8,-22.7,-21.7,-16.7,-9.2,-0.8,5.8,10.4,9,4,-2.4,-9.2,-18.6,-6.008333333,9.7,6,470
L58,54.917,-62.75,-5.3,8.9,85.9,-21.9,-20.6,-15.2,-8.2,0,6.7,11.3,9.8,4.8,-1.8,-8.6,-17.8,-5.125,10.55,4,570
L61,54.917,-63.25,-5.3,9.1,81.1,-22.8,-21.4,-16,-8.9,-0.4,6.5,11.1,9.5,4.3,-2.4,-9.5,-18.9,-5.741666667,10.3,7,530
L64,55.083,-63.083,-5.5,8.9,81.7,-22.4,-21.1,-15.9,-8.9,-0.4,6.4,11.1,9.5,4.4,-2.3,-9.2,-18.4,-5.6,10.3,13,585
VI-04-01,66.93,-105.91,-13.4,6.6,17.1,-32.9,-32.3,-29,-19.3,-7.2,3.4,9.3,7.6,0.8,-9.2,-21.8,-28.6,-13.26666667,8.45,2.7,236
VI-04-02,65.02,-107.41,-11.5,8.1,22.1,-31.9,-30.5,-26.6,-15.8,-4.1,5.4,10.9,9.4,2.5,-6.7,-19.4,-27.2,-11.16666667,10.15,2.6,330
VI-04-03,65.12,-107.39,-11.6,8.1,22.1,-31.9,-30.5,-26.6,-15.8,-4.1,5.4,10.9,9.4,2.5,-6.7,-19.4,-27.2,-11.16666667,10.15,3.6,315
VI-04-04,65.2,-107.46,-11.7,8,22,-32,-30.7,-26.9,-16.2,-4.4,5.2,10.7,9.2,2.3,-6.9,-19.6,-27.4,-11.39166667,9.95,8.6,332
VI-04-05,65.26,-107.47,-11.8,7.9,21.5,-32,-30.7,-26.9,-16.2,-4.4,5.2,10.7,9.2,2.3,-6.9,-19.6,-27.4,-11.39166667,9.95,3.2,322
VI-04-06,65.36,-107.42,-11.9,7.9,21.3,-32.1,-30.9,-27.1,-16.5,-4.7,5,10.6,9,2.1,-7.2,-19.9,-27.5,-11.6,9.8,3.95,360
VI-04-07,65.62,-107.44,-12.2,7.5,20.9,-32.2,-31,-27.3,-16.8,-5,4.8,10.4,8.9,2,-7.4,-20.1,-27.6,-11.775,9.65,4,380
VI-04-08,65.71,-107.52,-12.4,7.3,20.8,-32.2,-31.1,-27.6,-17.2,-5.4,4.5,10.2,8.6,1.7,-7.8,-20.4,-27.8,-12.04166667,9.4,9.5,367
VI-04-09,65.84,-107.43,-12.6,7.2,20.5,-32.4,-31.4,-27.9,-17.6,-5.8,4.3,10,8.4,1.5,-8,-20.7,-28,-12.3,9.2,4.8,339
VI-04-10,65.97,-107.5,-13.2,6.5,21.4,-32.4,-31.4,-27.9,-17.6,-5.8,4.3,10,8.4,1.5,-8,-20.7,-28,-12.3,9.2,5.6,419
VI-04-11,65.07,-107.23,-11.7,8,22.1,-32,-30.6,-26.7,-15.9,-4.2,5.3,10.8,9.3,2.4,-6.8,-19.5,-27.3,-11.26666667,10.05,5.1,398
VI-04-12,66.04,-107.07,-12.7,7.1,20,-32.4,-31.4,-27.9,-17.7,-5.8,4.3,10.1,8.5,1.5,-8.1,-20.7,-28,-12.3,9.3,5.5,370
VI-04-13,66.04,-106.88,-12.7,7.2,19.5,-32.4,-31.3,-27.8,-17.6,-5.7,4.5,10.2,8.6,1.7,-8,-20.7,-27.9,-12.2,9.4,4.2,308
VI-04-14,66.78,-106.69,-13,7,17.3,-32.6,-31.8,-28.5,-18.7,-6.6,3.8,9.8,8,1.1,-8.8,-21.4,-28.3,-12.83333333,8.9,1.6,263
VI-04-15,66.79,-106.04,-13.1,6.8,17.2,-32.8,-32.1,-28.8,-18.9,-6.8,3.6,9.5,7.8,1,-9,-21.6,-28.5,-13.05,8.65,2.4,208
VI-04-16,66.88,-106.03,-13.2,6.7,17.1,-32.8,-32.2,-28.9,-19.1,-7,3.5,9.5,7.7,0.9,-9.1,-21.7,-28.5,-13.14166667,8.6,2.1,186
VI-04-17,67.02,-106.08,-13.4,6.5,17.1,-33,-32.4,-29.2,-19.5,-7.4,3.2,9.2,7.5,0.6,-9.5,-22,-28.7,-13.43333333,8.35,1,174
VI-04-18,67.17,-106.18,-13.5,6.4,16.8,-33,-32.4,-29.3,-19.7,-7.6,3.2,9.2,7.4,0.5,-9.6,-22.1,-28.7,-13.50833333,8.3,2.05,198
VI-04-19,67.27,-106.2,-13.6,6.3,16.5,-33,-32.4,-29.3,-19.7,-7.6,3.2,9.2,7.4,0.5,-9.6,-22.1,-28.7,-13.50833333,8.3,1.7,186
VI-04-20,67.34,-106.25,-13.6,6.3,16.3,-33,-32.5,-29.4,-19.9,-7.8,3,9.1,7.3,0.4,-9.8,-22.3,-28.8,-13.64166667,8.2,0.95,179
VI-04-21,67.4,-106.28,-13.7,6.4,16.3,-33,-32.5,-29.4,-19.9,-7.8,3,9.1,7.3,0.4,-9.8,-22.3,-28.8,-13.64166667,8.2,0.9,167
VI-04-22,67.51,-106.22,-13.6,6.3,16.1,-33,-32.5,-29.5,-20.1,-7.9,3,9.1,7.3,0.4,-9.9,-22.4,-28.8,-13.69166667,8.2,1.1,142
VI-04-23,67.57,-106.3,-13.6,6.4,15.6,-33,-32.5,-29.5,-20.1,-7.9,3,9.1,7.3,0.4,-9.9,-22.4,-28.8,-13.69166667,8.2,1.2,121
VI-04-24,67.64,-106.38,-13.4,6.6,15,-32.9,-32.5,-29.4,-20,-7.8,3.1,9.2,7.3,0.5,-9.8,-22.3,-28.7,-13.60833333,8.25,0.95,77
VI-04-25,67.75,-106.38,-13.7,6.4,15.1,-32.9,-32.5,-29.5,-20.1,-7.9,3,9.2,7.3,0.4,-10,-22.4,-28.8,-13.68333333,8.25,0.95,105
VI-04-26,67.81,-106.46,-13.6,6.4,14.9,-32.9,-32.5,-29.5,-20.1,-7.9,3,9.2,7.3,0.4,-10,-22.4,-28.8,-13.68333333,8.25,2.2,95
VI-04-27,67.84,-106.56,-13.7,6.4,14.9,-32.9,-32.5,-29.5,-20.3,-8.1,3,9.1,7.2,0.3,-10.1,-22.5,-28.8,-13.75833333,8.15,1,89
VI-04-28,67.96,-106.64,-13.6,6.5,14.6,-32.9,-32.5,-29.5,-20.3,-8.1,3,9.1,7.2,0.3,-10.1,-22.5,-28.8,-13.75833333,8.15,1,56
VI-04-29,68.05,-106.69,-13.6,6.5,14.1,-32.8,-32.5,-29.6,-20.4,-8.2,2.9,9.1,7.2,0.2,-10.2,-22.6,-28.8,-13.80833333,8.15,3.1,19
VI-04-31,70.33,-106.24,-15.6,4.1,11.4,-33.3,-33.7,-31.2,-22.9,-10.3,1.1,7,4.9,-1.9,-12.7,-24.4,-29.8,-15.6,5.95,1.1,160
VI-04-32,70.24,-106.11,-15.6,4.2,11.8,-33.4,-33.8,-31.3,-23,-10.4,1,6.9,4.8,-2,-12.8,-24.4,-29.9,-15.69166667,5.85,1.15,168
VI-04-33,70.15,-106.07,-15.7,4.1,12,-33.4,-33.8,-31.3,-22.9,-10.3,1.1,7,4.9,-1.9,-12.7,-24.4,-29.9,-15.63333333,5.95,0.8,191
VI-04-34,70.06,-106.01,-15.6,4.2,12.4,-33.4,-33.8,-31.3,-22.9,-10.3,1.1,7,4.9,-1.9,-12.7,-24.4,-29.9,-15.63333333,5.95,2.9,190
VI-04-35,69.99,-105.932,-15.4,4.4,12.1,-33.4,-33.8,-31.2,-22.8,-10.2,1.2,7.2,5.1,-1.6,-12.5,-24.3,-29.9,-15.51666667,6.15,0.8,179
VI-04-36,69.88,-105.79,-15.4,4.4,12.7,-33.5,-33.9,-31.3,-22.9,-10.3,1.1,7,5,-1.7,-12.6,-24.4,-30,-15.625,6,3.4,151
VI-04-37,69.8,-105.7,-15.4,4.5,12.7,-33.5,-33.8,-31.2,-22.7,-10.1,1.3,7.2,5.3,-1.5,-12.4,-24.2,-29.9,-15.45833333,6.25,4.9,175
VI-04-38,69.73,-105.65,-15.3,4.5,13,-33.5,-33.8,-31.2,-22.7,-10.1,1.2,7.2,5.2,-1.6,-12.5,-24.3,-29.9,-15.5,6.2,0.85,161
VI-04-39,69.61,-105.55,-15.3,4.6,13.1,-33.5,-33.7,-31.1,-22.5,-10,1.4,7.4,5.5,-1.3,-12.3,-24.1,-29.8,-15.33333333,6.45,1.5,150
VI-04-40,70.99,-107.03,-15.7,3.9,10.1,-33,-33.7,-31.3,-23.2,-10.5,0.9,6.7,4.4,-2.3,-13.1,-24.5,-29.8,-15.78333333,5.55,1,122
VI-04-41,70.87,-106.86,-15.7,3.9,10.5,-33,-33.7,-31.3,-23.2,-10.5,1,6.7,4.4,-2.3,-13.1,-24.5,-29.8,-15.775,5.55,0.5,127
VI-04-42,70.83,-106.77,-15.8,3.9,10.5,-33.1,-33.7,-31.3,-23.1,-10.4,1,6.7,4.5,-2.2,-13,-24.5,-29.8,-15.74166667,5.6,0.9,139
VI-04-43,70.753,-106.636,-15.7,4,10.4,-33.1,-33.7,-31.3,-23.1,-10.4,1,6.8,4.6,-2.1,-13,-24.4,-29.8,-15.70833333,5.7,5.1,130
VI-04-44,70.68,-106.56,-15.6,4.1,10.5,-33.1,-33.7,-31.3,-23.1,-10.4,1,6.8,4.6,-2.1,-13,-24.4,-29.8,-15.70833333,5.7,2.5,110
VI-04-45,70.64,-106.43,-15.6,4.1,10.8,-33.2,-33.8,-31.3,-23.1,-10.4,1,6.8,4.6,-2.1,-13,-24.5,-29.9,-15.74166667,5.7,3.1,116
VI-04-46,70.56,-106.36,-15.6,4,11,-33.2,-33.8,-31.3,-23.1,-10.4,1,6.8,4.6,-2.1,-13,-24.5,-29.9,-15.74166667,5.7,0.85,152
VI-04-47,70.5,-106.18,-15.6,4.1,11.1,-33.3,-33.8,-31.4,-23.1,-10.5,0.9,6.8,4.6,-2.1,-13,-24.5,-29.9,-15.775,5.7,3.1,119
VI-04-48,70.45,-106.2,-15.8,3.9,11.3,-33.3,-33.8,-31.4,-23.1,-10.5,0.9,6.8,4.6,-2.1,-13,-24.5,-29.9,-15.775,5.7,2.6,168
VI-04-49,70.36,-106.26,-15.7,4.1,11.7,-33.3,-33.8,-31.4,-23.1,-10.5,0.9,6.8,4.6,-2.1,-13,-24.5,-29.9,-15.775,5.7,3.4,168
VI-04-50,69.56,-105.5,-15.3,4.6,13.3,-33.6,-33.8,-31.2,-22.7,-10.1,1.3,7.3,5.3,-1.4,-12.4,-24.2,-29.9,-15.45,6.3,1,127
VI-04-51,70.11,-105.6,-15.7,4,12.7,-33.6,-34,-31.5,-23.1,-10.5,0.9,6.8,4.7,-2,-12.9,-24.5,-30.1,-15.81666667,5.75,1.15,179
VI-04-53,69.95,-105.54,-15.6,4.2,12.8,-33.6,-33.9,-31.4,-23,-10.3,1,6.9,4.9,-1.8,-12.7,-24.4,-30,-15.69166667,5.9,2.5,183
VI-04-54,69.89,-105.48,-15.6,4.2,12.9,-33.6,-33.9,-31.3,-22.9,-10.3,1,7,5,-1.7,-12.7,-24.4,-30,-15.65,6,6.9,161
VI-04-55,69.81,-105.49,-15.3,4.6,12.6,-33.5,-33.8,-31.2,-22.7,-10.1,1.2,7.2,5.2,-1.5,-12.4,-24.2,-29.9,-15.475,6.2,1.05,130
VI-04-56,69.72,-105.39,-15.3,4.5,12.9,-33.5,-33.8,-31.2,-22.7,-10.1,1.2,7.2,5.2,-1.5,-12.4,-24.2,-29.9,-15.475,6.2,2.55,131
VI-04-57,69.66,-105.36,-15.3,4.6,13.1,-33.6,-33.8,-31.2,-22.7,-10.1,1.3,7.3,5.3,-1.4,-12.4,-24.2,-29.9,-15.45,6.3,6.9,150
VI-04-58,69.58,-105.33,-15.3,4.6,13.5,-33.6,-33.9,-31.2,-22.7,-10.1,1.2,7.2,5.3,-1.5,-12.4,-24.3,-30,-15.5,6.25,2.9,151
VI-04-59,69.54,-105.28,-15.1,4.8,13.1,-33.6,-33.9,-31.2,-22.7,-10.1,1.2,7.2,5.3,-1.5,-12.4,-24.3,-30,-15.5,6.25,4,130
VI-04-60,69.3,-105.23,-14.8,5.2,13.4,-33.5,-33.7,-30.9,-22.3,-9.7,1.6,7.7,5.9,-0.9,-11.9,-23.9,-29.7,-15.10833333,6.8,3,68
TK-6,66.69,-104.93,-13.5,6.3,17.6,-33.1,-32.5,-29.1,-19.3,-7.3,3.2,9,7.3,0.7,-9.2,-21.8,-28.7,-13.4,8.15,4.5,248
TK-7,66.69,-104.93,-13.5,6.3,17.6,-33.1,-32.5,-29.1,-19.3,-7.3,3.2,9,7.3,0.7,-9.2,-21.8,-28.7,-13.4,8.15,9.5,248
TK-8,64.68,-102.44,-12.1,7.8,19.9,-32.7,-31.6,-27.5,-17,-5.5,4.5,10.2,8.5,1.9,-7.3,-20.2,-27.8,-12.04166667,9.35,3,150
TK-9,64.88,-102.75,-12.7,7,21,-32.8,-31.8,-27.7,-17.3,-5.7,4.3,10,8.3,1.7,-7.6,-20.4,-28,-12.25,9.15,5.5,300
TK-10,65.48,-103.37,-12.7,7,19,-32.8,-31.8,-28,-17.6,-5.9,4.1,9.8,8.1,1.5,-7.8,-20.7,-28,-12.425,8.95,3,200
TK-14,64.6,-107.1,-11.3,8.2,23.7,-31.8,-30.2,-26.1,-15,-3.4,5.8,11.1,9.6,2.7,-6.2,-18.9,-27,-10.78333333,10.35,4.9,394
TK-15,64.6,-107.09,-11.3,8.2,23.7,-31.8,-30.2,-26.1,-15,-3.4,5.8,11.1,9.6,2.7,-6.2,-18.9,-27,-10.78333333,10.35,3,403
TK-17,64.6,-107.08,-11.3,8.2,23.7,-31.8,-30.2,-26.1,-15,-3.4,5.8,11.1,9.6,2.7,-6.2,-18.9,-27,-10.78333333,10.35,5.9,411
TK-18,64.16,-107.82,-10.6,8.8,25,-31.3,-29.5,-25.2,-13.7,-2.2,6.6,11.7,10.3,3.4,-5.3,-18,-26.5,-9.975,11,7.3,399
TK-19,64.16,-107.82,-10.6,8.8,25,-31.3,-29.5,-25.2,-13.7,-2.2,6.6,11.7,10.3,3.4,-5.3,-18,-26.5,-9.975,11,0.75,399
TK-20,64.15,-107.82,-10.6,8.8,25,-31.3,-29.5,-25.2,-13.7,-2.2,6.6,11.7,10.3,3.4,-5.3,-18,-26.5,-9.975,11,8.8,389
TK-21,64.16,-107.82,-10.6,8.8,25,-31.3,-29.5,-25.2,-13.7,-2.2,6.6,11.7,10.3,3.4,-5.3,-18,-26.5,-9.975,11,1,399
TK-23,62.73,-113.83,-6.4,12.8,28,-28.4,-25.7,-20,-8,2.9,11.1,14.8,12.5,5.6,-2.1,-15.2,-24.7,-6.433333333,13.65,2,275
TK-27,62.82,-113.56,-6.6,12.6,28.1,-28.4,-25.7,-20,-8,2.8,11,14.7,12.4,5.5,-2.1,-15.2,-24.7,-6.475,13.55,3,274
TK-29,63.42,-112.66,-8.7,10.4,29.4,-29.3,-27.2,-22.3,-10.7,0,9,13.1,11,4.2,-4,-17.2,-25.5,-8.241666667,12.05,10.1,415
TK-30,63.56,-112.35,-8.8,10.3,28.7,-29.4,-27.3,-22.4,-11,-0.3,8.8,13,10.9,4.1,-4.2,-17.4,-25.6,-8.4,11.95,1.5,432
Sommerfugle so,74.4983,-20.6033,-11,1.9,24.8,-22.3,-23.8,-23,-17,-7.1,-0.4,2.5,1.9,-4.5,-12.8,-19.1,-21.4,-12.25,2.2,1.8,84
Vesterport so,74.4867,-20.5867,-11,1.9,24.8,-22.3,-23.8,-23,-17,-7.1,-0.4,2.5,1.9,-4.5,-12.8,-19.1,-21.4,-12.25,2.2,0.7,71
Hestehale so,74.4883,-20.6083,-11,1.9,24.8,-22.3,-23.8,-23,-17,-7.1,-0.4,2.5,1.9,-4.5,-12.8,-19.1,-21.4,-12.25,2.2,0.3,89
Lake No. 19,74.465,-20.5733,-11,1.9,24.8,-22.3,-23.8,-23,-17,-7.1,-0.4,2.5,1.9,-4.5,-12.8,-19.1,-21.4,-12.25,2.2,0.2,15
Sletten so,74.48,-20.585,-11,1.9,24.8,-22.3,-23.8,-23,-17,-7.1,-0.4,2.5,1.9,-4.5,-12.8,-19.1,-21.4,-12.25,2.2,1,67
Storvatnet,78.9259,11.9386,-5.2,3.2,37.5,-15.6,-15.7,-14.9,-12.2,-4.7,0.6,4.1,3.1,-1.5,-6.9,-10.3,-13.9,-7.325,3.6,1,2
Reinsdyr heia,79.7046,13.3819,-6.2,3.1,31.7,-15.8,-16,-15.5,-12.4,-4.7,1.1,4.6,3.6,-0.9,-6.6,-10.5,-13.9,-7.25,4.1,0.75,8
Kap Linne,78.0577,13.6744,-4.9,3.4,43.4,-13,-13.1,-13.6,-10.5,-4,1.3,4.6,3.9,0.5,-4.7,-8.4,-11.1,-5.675,4.25,1,8
Solvatnet,78.9239,11.8813,-5.3,3.1,37.9,-15.6,-15.7,-14.9,-12.2,-4.7,0.6,4.1,3.1,-1.5,-6.9,-10.3,-13.9,-7.325,3.6,0.8,25
Mossel,79.892,16.0444,-6.9,3.1,21.6,-17.6,-18.1,-17.3,-14.2,-5.6,0.7,4.5,3.4,-1.4,-7.5,-12.4,-16.1,-8.466666667,3.95,1.5,0
Coles,78.1011,15.0611,-5.8,4,28.6,-15.7,-16.2,-15.7,-12.6,-4.8,1,4.8,3.6,-0.8,-6.4,-10.6,-13.8,-7.266666667,4.2,2,22
LCL,70.909,-25.585,-11.2,-1.2,71.8,-17.9,-18.6,-18.3,-13.4,-5.6,-0.3,1.9,1.5,-3.2,-9.2,-14.4,-16.9,-9.533333333,,8.9,660
DS0,76.7595,-67.61,-13.4,2.2,16.2,-26.1,-27.1,-27.3,-20,-8.4,-1,2.2,1.4,-4.8,-12.7,-19.6,-24.2,-13.96666667,6.2,18.7,385
NorthLake,69.2417,-50.0267,-5.9,6,28.4,-16.7,-17.9,-17.7,-10.4,-1,4.3,7,5.4,0.3,-6.7,-11.4,-14.9,-6.641666667,7.5,4.5,190
N14,59.980833,-45.18,1.7,7.8,119.8,-4.8,-4.2,-3.5,0.2,4.2,6.7,8.7,8.6,6,1.9,-1.3,-3.9,1.55,7.6,8,33
